nct,onco_id,coverage_at_base,ucsf_open_to_eligible_people,registry_overall_status,registry_study_type,registry_phases,ucsf_url,registry_url
NCT06369285,nct06369285,existing,true,RECRUITING,INTERVENTIONAL,PHASE2,https://clinicaltrials.ucsf.edu/trial/NCT06369285,https://clinicaltrials.gov/study/NCT06369285
NCT07287917,nct07287917,existing,true,RECRUITING,INTERVENTIONAL,PHASE1;PHASE2,https://clinicaltrials.ucsf.edu/trial/NCT07287917,https://clinicaltrials.gov/study/NCT07287917
NCT06224673,nct06224673,added,true,RECRUITING,INTERVENTIONAL,PHASE2,https://clinicaltrials.ucsf.edu/trial/NCT06224673,https://clinicaltrials.gov/study/NCT06224673
NCT04893109,nct04893109,added,true,RECRUITING,INTERVENTIONAL,PHASE2,https://clinicaltrials.ucsf.edu/trial/NCT04893109,https://clinicaltrials.gov/study/NCT04893109
NCT04434040,nct04434040,existing,true,RECRUITING,INTERVENTIONAL,PHASE2,https://clinicaltrials.ucsf.edu/trial/NCT04434040,https://clinicaltrials.gov/study/NCT04434040
NCT05417594,nct05417594,existing,true,RECRUITING,INTERVENTIONAL,PHASE1;PHASE2,https://clinicaltrials.ucsf.edu/trial/NCT05417594,https://clinicaltrials.gov/study/NCT05417594
NCT06778863,nct06778863,added,true,RECRUITING,INTERVENTIONAL,PHASE1,https://clinicaltrials.ucsf.edu/trial/NCT06778863,https://clinicaltrials.gov/study/NCT06778863
NCT06435429,nct06435429,existing,true,RECRUITING,INTERVENTIONAL,PHASE3,https://clinicaltrials.ucsf.edu/trial/NCT06435429,https://clinicaltrials.gov/study/NCT06435429
NCT06075953,nct06075953,added,true,RECRUITING,INTERVENTIONAL,PHASE2,https://clinicaltrials.ucsf.edu/trial/NCT06075953,https://clinicaltrials.gov/study/NCT06075953
NCT05297734,nct05297734,added,true,RECRUITING,INTERVENTIONAL,NA,https://clinicaltrials.ucsf.edu/trial/NCT05297734,https://clinicaltrials.gov/study/NCT05297734
NCT06492616,nct06492616,existing,true,RECRUITING,INTERVENTIONAL,PHASE3,https://clinicaltrials.ucsf.edu/trial/NCT06492616,https://clinicaltrials.gov/study/NCT06492616
NCT05377996,nct05377996,existing,true,RECRUITING,INTERVENTIONAL,PHASE1;PHASE2,https://clinicaltrials.ucsf.edu/trial/NCT05377996,https://clinicaltrials.gov/study/NCT05377996
NCT06099769,nct06099769,existing,true,RECRUITING,INTERVENTIONAL,PHASE2,https://clinicaltrials.ucsf.edu/trial/NCT06099769,https://clinicaltrials.gov/study/NCT06099769
NCT06993844,nct06993844,existing,true,RECRUITING,INTERVENTIONAL,PHASE1;PHASE2,https://clinicaltrials.ucsf.edu/trial/NCT06993844,https://clinicaltrials.gov/study/NCT06993844
NCT03011684,nct03011684,added,true,RECRUITING,INTERVENTIONAL,PHASE3,https://clinicaltrials.ucsf.edu/trial/NCT03011684,https://clinicaltrials.gov/study/NCT03011684
NCT06638307,nct06638307,added,true,RECRUITING,INTERVENTIONAL,PHASE1,https://clinicaltrials.ucsf.edu/trial/NCT06638307,https://clinicaltrials.gov/study/NCT06638307
NCT05768139,nct05768139,existing,true,RECRUITING,INTERVENTIONAL,PHASE1;PHASE2,https://clinicaltrials.ucsf.edu/trial/NCT05768139,https://clinicaltrials.gov/study/NCT05768139
NCT05503797,nct05503797,existing,true,RECRUITING,INTERVENTIONAL,PHASE2,https://clinicaltrials.ucsf.edu/trial/NCT05503797,https://clinicaltrials.gov/study/NCT05503797
NCT07100106,nct07100106,existing,true,RECRUITING,INTERVENTIONAL,PHASE1;PHASE2,https://clinicaltrials.ucsf.edu/trial/NCT07100106,https://clinicaltrials.gov/study/NCT07100106
NCT07512271,nct07512271,added,true,RECRUITING,INTERVENTIONAL,NA,https://clinicaltrials.ucsf.edu/trial/NCT07512271,https://clinicaltrials.gov/study/NCT07512271
NCT05232916,nct05232916,existing,true,RECRUITING,INTERVENTIONAL,PHASE3,https://clinicaltrials.ucsf.edu/trial/NCT05232916,https://clinicaltrials.gov/study/NCT05232916
NCT01042379,i-spy-2-2,existing,true,RECRUITING,INTERVENTIONAL,PHASE2,https://clinicaltrials.ucsf.edu/trial/NCT01042379,https://clinicaltrials.gov/study/NCT01042379
NCT05307705,nct05307705,added,true,RECRUITING,INTERVENTIONAL,PHASE1,https://clinicaltrials.ucsf.edu/trial/NCT05307705,https://clinicaltrials.gov/study/NCT05307705
NCT05020574,nct05020574,added,true,RECRUITING,INTERVENTIONAL,PHASE2,https://clinicaltrials.ucsf.edu/trial/NCT05020574,https://clinicaltrials.gov/study/NCT05020574
NCT07121972,nct07121972,added,true,RECRUITING,INTERVENTIONAL,NA,https://clinicaltrials.ucsf.edu/trial/NCT07121972,https://clinicaltrials.gov/study/NCT07121972
NCT04802759,nct04802759,existing,true,RECRUITING,INTERVENTIONAL,PHASE1;PHASE2,https://clinicaltrials.ucsf.edu/trial/NCT04802759,https://clinicaltrials.gov/study/NCT04802759
NCT05107674,nct05107674,added,true,RECRUITING,INTERVENTIONAL,PHASE1,https://clinicaltrials.ucsf.edu/trial/NCT05107674,https://clinicaltrials.gov/study/NCT05107674
NCT05315700,nct05315700,existing,true,RECRUITING,INTERVENTIONAL,PHASE1;PHASE2,https://clinicaltrials.ucsf.edu/trial/NCT05315700,https://clinicaltrials.gov/study/NCT05315700
NCT06648278,nct06648278,added,true,RECRUITING,INTERVENTIONAL,NA,https://clinicaltrials.ucsf.edu/trial/NCT06648278,https://clinicaltrials.gov/study/NCT06648278
NCT05812807,optimice-pcr,existing,true,RECRUITING,INTERVENTIONAL,PHASE3,https://clinicaltrials.ucsf.edu/trial/NCT05812807,https://clinicaltrials.gov/study/NCT05812807
NCT04606446,nct04606446,existing,true,RECRUITING,INTERVENTIONAL,PHASE2,https://clinicaltrials.ucsf.edu/trial/NCT04606446,https://clinicaltrials.gov/study/NCT04606446
NCT07145255,nct07145255,existing,true,RECRUITING,INTERVENTIONAL,PHASE1;PHASE2,https://clinicaltrials.ucsf.edu/trial/NCT07145255,https://clinicaltrials.gov/study/NCT07145255
NCT07487844,nct07487844,added,true,RECRUITING,INTERVENTIONAL,NA,https://clinicaltrials.ucsf.edu/trial/NCT07487844,https://clinicaltrials.gov/study/NCT07487844
NCT06982521,nct06982521,existing,true,RECRUITING,INTERVENTIONAL,PHASE3,https://clinicaltrials.ucsf.edu/trial/NCT06982521,https://clinicaltrials.gov/study/NCT06982521
NCT07413939,nct07413939,existing,true,RECRUITING,INTERVENTIONAL,PHASE2;PHASE3,https://clinicaltrials.ucsf.edu/trial/NCT07413939,https://clinicaltrials.gov/study/NCT07413939
NCT05633654,ascent-05,existing,true,RECRUITING,INTERVENTIONAL,PHASE3,https://clinicaltrials.ucsf.edu/trial/NCT05633654,https://clinicaltrials.gov/study/NCT05633654
NCT06841354,nct06841354,existing,true,RECRUITING,INTERVENTIONAL,PHASE3,https://clinicaltrials.ucsf.edu/trial/NCT06841354,https://clinicaltrials.gov/study/NCT06841354
NCT03990896,nct03990896,existing,true,RECRUITING,INTERVENTIONAL,PHASE2,https://clinicaltrials.ucsf.edu/trial/NCT03990896,https://clinicaltrials.gov/study/NCT03990896
NCT06533826,nct06533826,added,true,RECRUITING,INTERVENTIONAL,PHASE2,https://clinicaltrials.ucsf.edu/trial/NCT06533826,https://clinicaltrials.gov/study/NCT06533826
NCT02620852,wisdom-trial,existing,true,RECRUITING,INTERVENTIONAL,NA,https://clinicaltrials.ucsf.edu/trial/NCT02620852,https://clinicaltrials.gov/study/NCT02620852
NCT05964504,nct05964504,added,true,RECRUITING,OBSERVATIONAL,,https://clinicaltrials.ucsf.edu/trial/NCT05964504,https://clinicaltrials.gov/study/NCT05964504
NCT05902507,nct05902507,added,true,RECRUITING,OBSERVATIONAL,,https://clinicaltrials.ucsf.edu/trial/NCT05902507,https://clinicaltrials.gov/study/NCT05902507
NCT03053193,nct03053193,added,true,RECRUITING,OBSERVATIONAL,,https://clinicaltrials.ucsf.edu/trial/NCT03053193,https://clinicaltrials.gov/study/NCT03053193
NCT07546331,nct07546331,added,true,RECRUITING,OBSERVATIONAL,,https://clinicaltrials.ucsf.edu/trial/NCT07546331,https://clinicaltrials.gov/study/NCT07546331
NCT06551116,nct06551116,added,true,RECRUITING,OBSERVATIONAL,,https://clinicaltrials.ucsf.edu/trial/NCT06551116,https://clinicaltrials.gov/study/NCT06551116
NCT06774027,nct06774027,added,true,RECRUITING,OBSERVATIONAL,,https://clinicaltrials.ucsf.edu/trial/NCT06774027,https://clinicaltrials.gov/study/NCT06774027
NCT03452774,nct03452774,added,true,RECRUITING,OBSERVATIONAL,,https://clinicaltrials.ucsf.edu/trial/NCT03452774,https://clinicaltrials.gov/study/NCT03452774
NCT05564377,combomatch,existing,false,RECRUITING,INTERVENTIONAL,PHASE2,https://clinicaltrials.ucsf.edu/trial/NCT05564377,https://clinicaltrials.gov/study/NCT05564377
NCT06671912,nct06671912,added,false,SUSPENDED,INTERVENTIONAL,PHASE3,https://clinicaltrials.ucsf.edu/trial/NCT06671912,https://clinicaltrials.gov/study/NCT06671912
NCT03678883,actuate-1801,existing,false,ACTIVE_NOT_RECRUITING,INTERVENTIONAL,PHASE2,https://clinicaltrials.ucsf.edu/trial/NCT03678883,https://clinicaltrials.gov/study/NCT03678883
NCT02107703,nct02107703,existing,false,ACTIVE_NOT_RECRUITING,INTERVENTIONAL,PHASE3,https://clinicaltrials.ucsf.edu/trial/NCT02107703,https://clinicaltrials.gov/study/NCT02107703
NCT02779751,nct02779751,added,false,ACTIVE_NOT_RECRUITING,INTERVENTIONAL,PHASE1,https://clinicaltrials.ucsf.edu/trial/NCT02779751,https://clinicaltrials.gov/study/NCT02779751
NCT00548236,nct00548236,added,false,ACTIVE_NOT_RECRUITING,INTERVENTIONAL,NA,https://clinicaltrials.ucsf.edu/trial/NCT00548236,https://clinicaltrials.gov/study/NCT00548236
NCT03562637,nct03562637,existing,false,ACTIVE_NOT_RECRUITING,INTERVENTIONAL,PHASE3,https://clinicaltrials.ucsf.edu/trial/NCT03562637,https://clinicaltrials.gov/study/NCT03562637
NCT06058377,nct06058377,added,false,RECRUITING,INTERVENTIONAL,PHASE3,https://clinicaltrials.ucsf.edu/trial/NCT06058377,https://clinicaltrials.gov/study/NCT06058377
NCT04379570,nct04379570,added,false,ACTIVE_NOT_RECRUITING,INTERVENTIONAL,PHASE3,https://clinicaltrials.ucsf.edu/trial/NCT04379570,https://clinicaltrials.gov/study/NCT04379570
NCT03971409,nct03971409,added,false,ACTIVE_NOT_RECRUITING,INTERVENTIONAL,PHASE2,https://clinicaltrials.ucsf.edu/trial/NCT03971409,https://clinicaltrials.gov/study/NCT03971409
NCT03414658,nct03414658,added,false,ACTIVE_NOT_RECRUITING,INTERVENTIONAL,PHASE2,https://clinicaltrials.ucsf.edu/trial/NCT03414658,https://clinicaltrials.gov/study/NCT03414658
NCT04821141,nct04821141,added,false,ACTIVE_NOT_RECRUITING,INTERVENTIONAL,PHASE2,https://clinicaltrials.ucsf.edu/trial/NCT04821141,https://clinicaltrials.gov/study/NCT04821141
NCT05086692,nct05086692,existing,false,RECRUITING,INTERVENTIONAL,PHASE1;PHASE2,https://clinicaltrials.ucsf.edu/trial/NCT05086692,https://clinicaltrials.gov/study/NCT05086692
NCT02750826,bwel,existing,false,ACTIVE_NOT_RECRUITING,INTERVENTIONAL,PHASE3,https://clinicaltrials.ucsf.edu/trial/NCT02750826,https://clinicaltrials.gov/study/NCT02750826
NCT04862663,nct04862663,existing,false,ACTIVE_NOT_RECRUITING,INTERVENTIONAL,PHASE3,https://clinicaltrials.ucsf.edu/trial/NCT04862663,https://clinicaltrials.gov/study/NCT04862663
NCT04305496,capitello-291,existing,false,ACTIVE_NOT_RECRUITING,INTERVENTIONAL,PHASE3,https://clinicaltrials.ucsf.edu/trial/NCT04305496,https://clinicaltrials.gov/study/NCT04305496
NCT02498613,nct02498613,added,false,ACTIVE_NOT_RECRUITING,INTERVENTIONAL,PHASE2,https://clinicaltrials.ucsf.edu/trial/NCT02498613,https://clinicaltrials.gov/study/NCT02498613
NCT04266249,nct04266249,added,false,ACTIVE_NOT_RECRUITING,INTERVENTIONAL,PHASE2,https://clinicaltrials.ucsf.edu/trial/NCT04266249,https://clinicaltrials.gov/study/NCT04266249
NCT05374512,tropion-breast02,existing,false,ACTIVE_NOT_RECRUITING,INTERVENTIONAL,PHASE3,https://clinicaltrials.ucsf.edu/trial/NCT05374512,https://clinicaltrials.gov/study/NCT05374512
NCT05104866,tropion-breast01,existing,false,ACTIVE_NOT_RECRUITING,INTERVENTIONAL,PHASE3,https://clinicaltrials.ucsf.edu/trial/NCT05104866,https://clinicaltrials.gov/study/NCT05104866
NCT04711109,nct04711109,added,false,ACTIVE_NOT_RECRUITING,INTERVENTIONAL,PHASE3,https://clinicaltrials.ucsf.edu/trial/NCT04711109,https://clinicaltrials.gov/study/NCT04711109
NCT03233191,tmist,existing,false,ACTIVE_NOT_RECRUITING,INTERVENTIONAL,PHASE3,https://clinicaltrials.ucsf.edu/trial/NCT03233191,https://clinicaltrials.gov/study/NCT03233191
NCT06157892,nct06157892,existing,false,ACTIVE_NOT_RECRUITING,INTERVENTIONAL,PHASE2,https://clinicaltrials.ucsf.edu/trial/NCT06157892,https://clinicaltrials.gov/study/NCT06157892
NCT00433511,nct00433511,added,false,ACTIVE_NOT_RECRUITING,INTERVENTIONAL,PHASE3,https://clinicaltrials.ucsf.edu/trial/NCT00433511,https://clinicaltrials.gov/study/NCT00433511
NCT03529110,destiny-breast03,existing,false,COMPLETED,INTERVENTIONAL,PHASE3,https://clinicaltrials.ucsf.edu/trial/NCT03529110,https://clinicaltrials.gov/study/NCT03529110
NCT04042701,nct04042701,added,false,ACTIVE_NOT_RECRUITING,INTERVENTIONAL,PHASE1,https://clinicaltrials.ucsf.edu/trial/NCT04042701,https://clinicaltrials.gov/study/NCT04042701
NCT03155997,monarche,existing,false,ACTIVE_NOT_RECRUITING,INTERVENTIONAL,PHASE3,https://clinicaltrials.ucsf.edu/trial/NCT03155997,https://clinicaltrials.gov/study/NCT03155997
NCT04225117,nct04225117,existing,false,ACTIVE_NOT_RECRUITING,INTERVENTIONAL,PHASE2,https://clinicaltrials.ucsf.edu/trial/NCT04225117,https://clinicaltrials.gov/study/NCT04225117
NCT02568267,nct02568267,existing,false,ACTIVE_NOT_RECRUITING,INTERVENTIONAL,PHASE2,https://clinicaltrials.ucsf.edu/trial/NCT02568267,https://clinicaltrials.gov/study/NCT02568267
NCT03941730,nct03941730,added,false,ACTIVE_NOT_RECRUITING,INTERVENTIONAL,PHASE2,https://clinicaltrials.ucsf.edu/trial/NCT03941730,https://clinicaltrials.gov/study/NCT03941730
NCT04316117,nct04316117,added,false,ACTIVE_NOT_RECRUITING,INTERVENTIONAL,PHASE2,https://clinicaltrials.ucsf.edu/trial/NCT04316117,https://clinicaltrials.gov/study/NCT04316117
NCT06518057,nct06518057,added,false,RECRUITING,INTERVENTIONAL,PHASE2,https://clinicaltrials.ucsf.edu/trial/NCT06518057,https://clinicaltrials.gov/study/NCT06518057
NCT00310180,tailorx,existing,false,ACTIVE_NOT_RECRUITING,INTERVENTIONAL,PHASE3,https://clinicaltrials.ucsf.edu/trial/NCT00310180,https://clinicaltrials.gov/study/NCT00310180
NCT05514054,nct05514054,existing,false,ACTIVE_NOT_RECRUITING,INTERVENTIONAL,PHASE3,https://clinicaltrials.ucsf.edu/trial/NCT05514054,https://clinicaltrials.gov/study/NCT05514054
NCT05056077,nct05056077,added,false,ACTIVE_NOT_RECRUITING,INTERVENTIONAL,NA,https://clinicaltrials.ucsf.edu/trial/NCT05056077,https://clinicaltrials.gov/study/NCT05056077
NCT06633926,nct06633926,added,false,ACTIVE_NOT_RECRUITING,INTERVENTIONAL,NA,https://clinicaltrials.ucsf.edu/trial/NCT06633926,https://clinicaltrials.gov/study/NCT06633926
NCT01570998,nct01570998,added,false,ACTIVE_NOT_RECRUITING,INTERVENTIONAL,NA,https://clinicaltrials.ucsf.edu/trial/NCT01570998,https://clinicaltrials.gov/study/NCT01570998
NCT07339176,nct07339176,existing,false,RECRUITING,INTERVENTIONAL,PHASE1;PHASE2,https://clinicaltrials.ucsf.edu/trial/NCT07339176,https://clinicaltrials.gov/study/NCT07339176
NCT06206837,nct06206837,existing,false,ACTIVE_NOT_RECRUITING,INTERVENTIONAL,PHASE1;PHASE2,https://clinicaltrials.ucsf.edu/trial/NCT06206837,https://clinicaltrials.gov/study/NCT06206837
NCT01872260,nct01872260,existing,false,ACTIVE_NOT_RECRUITING,INTERVENTIONAL,PHASE1;PHASE2,https://clinicaltrials.ucsf.edu/trial/NCT01872260,https://clinicaltrials.gov/study/NCT01872260
NCT04188548,nct04188548,added,false,ACTIVE_NOT_RECRUITING,INTERVENTIONAL,PHASE1,https://clinicaltrials.ucsf.edu/trial/NCT04188548,https://clinicaltrials.gov/study/NCT04188548
NCT03589339,nct03589339,added,false,ACTIVE_NOT_RECRUITING,INTERVENTIONAL,PHASE1,https://clinicaltrials.ucsf.edu/trial/NCT03589339,https://clinicaltrials.gov/study/NCT03589339
NCT03344965,nct03344965,existing,false,ACTIVE_NOT_RECRUITING,INTERVENTIONAL,PHASE2,https://clinicaltrials.ucsf.edu/trial/NCT03344965,https://clinicaltrials.gov/study/NCT03344965
NCT05508906,nct05508906,added,false,ACTIVE_NOT_RECRUITING,INTERVENTIONAL,PHASE1,https://clinicaltrials.ucsf.edu/trial/NCT05508906,https://clinicaltrials.gov/study/NCT05508906
NCT05239143,nct05239143,added,false,ACTIVE_NOT_RECRUITING,INTERVENTIONAL,PHASE1,https://clinicaltrials.ucsf.edu/trial/NCT05239143,https://clinicaltrials.gov/study/NCT05239143
NCT02513394,pallas-penelope-b,existing,false,ACTIVE_NOT_RECRUITING,INTERVENTIONAL,PHASE3,https://clinicaltrials.ucsf.edu/trial/NCT02513394,https://clinicaltrials.gov/study/NCT02513394
NCT05226871,nct05226871,existing,false,ACTIVE_NOT_RECRUITING,INTERVENTIONAL,PHASE2,https://clinicaltrials.ucsf.edu/trial/NCT05226871,https://clinicaltrials.gov/study/NCT05226871
NCT04895358,nct04895358,existing,false,ACTIVE_NOT_RECRUITING,INTERVENTIONAL,PHASE3,https://clinicaltrials.ucsf.edu/trial/NCT04895358,https://clinicaltrials.gov/study/NCT04895358
NCT06760637,nct06760637,existing,false,ACTIVE_NOT_RECRUITING,INTERVENTIONAL,PHASE3,https://clinicaltrials.ucsf.edu/trial/NCT06760637,https://clinicaltrials.gov/study/NCT06760637
NCT04478279,nct04478279,existing,false,ACTIVE_NOT_RECRUITING,INTERVENTIONAL,PHASE1;PHASE2,https://clinicaltrials.ucsf.edu/trial/NCT04478279,https://clinicaltrials.gov/study/NCT04478279
NCT06215469,nct06215469,added,false,ACTIVE_NOT_RECRUITING,INTERVENTIONAL,NA,https://clinicaltrials.ucsf.edu/trial/NCT06215469,https://clinicaltrials.gov/study/NCT06215469
NCT06445738,nct06445738,added,false,RECRUITING,INTERVENTIONAL,NA,https://clinicaltrials.ucsf.edu/trial/NCT06445738,https://clinicaltrials.gov/study/NCT06445738
NCT03422003,nct03422003,added,false,ACTIVE_NOT_RECRUITING,INTERVENTIONAL,NA,https://clinicaltrials.ucsf.edu/trial/NCT03422003,https://clinicaltrials.gov/study/NCT03422003
NCT03701334,natalee,existing,false,ACTIVE_NOT_RECRUITING,INTERVENTIONAL,PHASE3,https://clinicaltrials.ucsf.edu/trial/NCT03701334,https://clinicaltrials.gov/study/NCT03701334
NCT07218003,nct07218003,added,false,ENROLLING_BY_INVITATION,INTERVENTIONAL,PHASE1,https://clinicaltrials.ucsf.edu/trial/NCT07218003,https://clinicaltrials.gov/study/NCT07218003
NCT00070564,nct00070564,added,false,ACTIVE_NOT_RECRUITING,INTERVENTIONAL,PHASE3,https://clinicaltrials.ucsf.edu/trial/NCT00070564,https://clinicaltrials.gov/study/NCT00070564
NCT01674140,nct01674140,added,false,ACTIVE_NOT_RECRUITING,INTERVENTIONAL,PHASE3,https://clinicaltrials.ucsf.edu/trial/NCT01674140,https://clinicaltrials.gov/study/NCT01674140
NCT05840211,nct05840211,existing,false,ACTIVE_NOT_RECRUITING,INTERVENTIONAL,PHASE3,https://clinicaltrials.ucsf.edu/trial/NCT05840211,https://clinicaltrials.gov/study/NCT05840211
NCT05323955,nct05323955,added,false,ACTIVE_NOT_RECRUITING,INTERVENTIONAL,PHASE2,https://clinicaltrials.ucsf.edu/trial/NCT05323955,https://clinicaltrials.gov/study/NCT05323955
NCT03157128,nct03157128,existing,false,ACTIVE_NOT_RECRUITING,INTERVENTIONAL,PHASE1;PHASE2,https://clinicaltrials.ucsf.edu/trial/NCT03157128,https://clinicaltrials.gov/study/NCT03157128
NCT04457596,nct04457596,added,false,ACTIVE_NOT_RECRUITING,INTERVENTIONAL,PHASE3,https://clinicaltrials.ucsf.edu/trial/NCT04457596,https://clinicaltrials.gov/study/NCT04457596
NCT05548127,nct05548127,existing,false,ACTIVE_NOT_RECRUITING,INTERVENTIONAL,PHASE1;PHASE2,https://clinicaltrials.ucsf.edu/trial/NCT05548127,https://clinicaltrials.gov/study/NCT05548127
NCT05573555,nct05573555,existing,false,ACTIVE_NOT_RECRUITING,INTERVENTIONAL,PHASE1;PHASE2,https://clinicaltrials.ucsf.edu/trial/NCT05573555,https://clinicaltrials.gov/study/NCT05573555
NCT02947685,patina,existing,false,ACTIVE_NOT_RECRUITING,INTERVENTIONAL,PHASE3,https://clinicaltrials.ucsf.edu/trial/NCT02947685,https://clinicaltrials.gov/study/NCT02947685
NCT07174336,pik3ca-2,existing,false,RECRUITING,INTERVENTIONAL,PHASE3,https://clinicaltrials.ucsf.edu/trial/NCT07174336,https://clinicaltrials.gov/study/NCT07174336
NCT02849496,nct02849496,added,false,ACTIVE_NOT_RECRUITING,INTERVENTIONAL,PHASE2,https://clinicaltrials.ucsf.edu/trial/NCT02849496,https://clinicaltrials.gov/study/NCT02849496
NCT03975647,her2climb-02,existing,false,ACTIVE_NOT_RECRUITING,INTERVENTIONAL,PHASE3,https://clinicaltrials.ucsf.edu/trial/NCT03975647,https://clinicaltrials.gov/study/NCT03975647
NCT05563220,nct05563220,existing,false,ACTIVE_NOT_RECRUITING,INTERVENTIONAL,PHASE1;PHASE2,https://clinicaltrials.ucsf.edu/trial/NCT05563220,https://clinicaltrials.gov/study/NCT05563220
NCT05593094,nct05593094,existing,false,ACTIVE_NOT_RECRUITING,INTERVENTIONAL,PHASE1;PHASE2,https://clinicaltrials.ucsf.edu/trial/NCT05593094,https://clinicaltrials.gov/study/NCT05593094
NCT03737695,nct03737695,added,false,ACTIVE_NOT_RECRUITING,OBSERVATIONAL,,https://clinicaltrials.ucsf.edu/trial/NCT03737695,https://clinicaltrials.gov/study/NCT03737695
NCT04395508,nct04395508,added,false,APPROVED_FOR_MARKETING,EXPANDED_ACCESS,,https://clinicaltrials.ucsf.edu/trial/NCT04395508,https://clinicaltrials.gov/study/NCT04395508
NCT07659652,nct07659652,added,false,NOT_YET_RECRUITING,OBSERVATIONAL,,https://clinicaltrials.ucsf.edu/trial/NCT07659652,https://clinicaltrials.gov/study/NCT07659652
NCT03906331,nct03906331,added,false,APPROVED_FOR_MARKETING,EXPANDED_ACCESS,,https://clinicaltrials.ucsf.edu/trial/NCT03906331,https://clinicaltrials.gov/study/NCT03906331
